"split","Overall","AR","CP","FP-C","FP-S","LR","RR","action_recognition","attribute_comparison","attribute_recognition","celebrity_recognition","function_reasoning","future_prediction","identity_reasoning","image_emotion","image_quality","image_scene","image_style","image_topic","nature_relation","object_localization","ocr","physical_property_reasoning","physical_relation","social_relation","spatial_relationship","structuralized_imagetext_understanding"
"dev","0.7525773195876289","0.7939698492462312","0.8614864864864865","0.6643356643356644","0.7542662116040956","0.5084745762711864","0.7565217391304347","0.8888888888888888","0.6363636363636364","0.8513513513513513","0.8383838383838383","0.8481012658227848","0.525","1.0","0.84","0.5849056603773585","0.9807692307692307","0.9056603773584906","0.8888888888888888","0.7708333333333334","0.5555555555555556","0.7692307692307693","0.6133333333333333","0.4583333333333333","0.9069767441860465","0.4222222222222222","0.5"
