"split","Overall","AR","CP","FP-C","FP-S","LR","RR","action_recognition","attribute_comparison","attribute_recognition","celebrity_recognition","function_reasoning","future_prediction","identity_reasoning","image_emotion","image_quality","image_scene","image_style","image_topic","nature_relation","object_localization","ocr","physical_property_reasoning","physical_relation","social_relation","spatial_relationship","structuralized_imagetext_understanding"
"dev","0.7250859106529209","0.7487437185929648","0.8581081081081081","0.6223776223776224","0.7303754266211604","0.4661016949152542","0.7217391304347827","0.8888888888888888","0.5454545454545454","0.7972972972972973","0.8080808080808081","0.8481012658227848","0.525","1.0","0.82","0.5471698113207547","0.9711538461538461","0.9245283018867925","0.9444444444444444","0.7083333333333334","0.5679012345679012","0.7435897435897436","0.49333333333333335","0.4166666666666667","0.9069767441860465","0.37777777777777777","0.4358974358974359"
